month,category,amount
2025-10,Dining,202.41
2025-10,Education,200.0
2025-10,Entertainment,57.13
2025-10,Groceries,481.41
2025-10,Internet,75.0
2025-10,Phone,55.0
2025-10,Rent,1450.0
2025-10,Shopping,273.44
2025-10,Subscriptions,49.19
2025-10,Transport,136.29
2025-10,Utilities,120.63
2025-11,Dining,253.94
2025-11,Education,200.0
2025-11,Entertainment,116.3
2025-11,Groceries,608.84
2025-11,Internet,75.0
2025-11,Phone,55.0
2025-11,Rent,1450.0
2025-11,Shopping,132.12
2025-11,Subscriptions,54.2
2025-11,Transport,68.51
2025-11,Utilities,136.96
2025-12,Dining,217.15
2025-12,Education,200.0
2025-12,Entertainment,61.35
2025-12,Groceries,470.96
2025-12,Internet,75.0
2025-12,Phone,55.0
2025-12,Rent,1450.0
2025-12,Shopping,117.84
2025-12,Subscriptions,48.5
2025-12,Transport,68.91
2025-12,Utilities,116.62
2026-01,Dining,135.35
2026-01,Education,200.0
2026-01,Entertainment,134.38
2026-01,Groceries,430.43
2026-01,Health,112.84
2026-01,Internet,75.0
2026-01,Phone,55.0
2026-01,Rent,1450.0
2026-01,Shopping,121.61
2026-01,Subscriptions,42.57
2026-01,Transport,98.41
2026-01,Utilities,110.09
2026-02,Dining,251.52
2026-02,Education,200.0
2026-02,Entertainment,54.14
2026-02,Groceries,518.15
2026-02,Internet,75.0
2026-02,Phone,55.0
2026-02,Rent,1450.0
2026-02,Shopping,279.08
2026-02,Subscriptions,42.74
2026-02,Transport,68.61
2026-02,Utilities,124.94
2026-03,Dining,107.32
2026-03,Education,200.0
2026-03,Entertainment,69.03
2026-03,Groceries,525.42
2026-03,Internet,75.0
2026-03,Phone,55.0
2026-03,Rent,1450.0
2026-03,Shopping,184.51
2026-03,Subscriptions,44.43
2026-03,Transport,61.53
2026-03,Utilities,126.82
2026-04,Dining,238.36
2026-04,Education,200.0
2026-04,Entertainment,62.71
2026-04,Groceries,446.36
2026-04,Internet,75.0
2026-04,Phone,55.0
2026-04,Rent,1450.0
2026-04,Shopping,108.81
2026-04,Subscriptions,43.03
2026-04,Transport,158.65
2026-04,Utilities,148.78
2026-05,Dining,245.73
2026-05,Education,200.0
2026-05,Entertainment,33.18
2026-05,Groceries,485.06
2026-05,Internet,75.0
2026-05,Phone,55.0
2026-05,Rent,1450.0
2026-05,Shopping,224.55
2026-05,Subscriptions,43.99
2026-05,Transport,96.81
2026-05,Utilities,156.38
2026-06,Dining,106.97
2026-06,Education,200.0
2026-06,Entertainment,130.41
2026-06,Groceries,415.68
2026-06,Health,30.01
2026-06,Internet,75.0
2026-06,Phone,55.0
2026-06,Rent,1450.0
2026-06,Shopping,216.18
2026-06,Subscriptions,46.52
2026-06,Transport,63.03
2026-06,Utilities,140.47
2026-07,Dining,254.44
2026-07,Education,200.0
2026-07,Entertainment,134.56
2026-07,Groceries,428.18
2026-07,Internet,75.0
2026-07,Phone,55.0
2026-07,Rent,1450.0
2026-07,Shopping,291.73
2026-07,Subscriptions,54.61
2026-07,Transport,97.38
2026-07,Utilities,156.95
2026-08,Dining,199.35
2026-08,Education,200.0
2026-08,Entertainment,91.2
2026-08,Groceries,392.57
2026-08,Health,6.17
2026-08,Internet,75.0
2026-08,Phone,55.0
2026-08,Rent,1450.0
2026-08,Shopping,146.81
2026-08,Subscriptions,42.23
2026-08,Transport,120.68
2026-08,Utilities,131.59
2026-09,Dining,204.58
2026-09,Education,200.0
2026-09,Entertainment,44.22
2026-09,Groceries,559.06
2026-09,Health,51.52
2026-09,Internet,75.0
2026-09,Phone,55.0
2026-09,Rent,1450.0
2026-09,Shopping,58.74
2026-09,Subscriptions,47.62
2026-09,Transport,85.88
2026-09,Utilities,110.39
