month,income,expenses,net_savings,savings_rate
2025-10,4097.68,3100.5,997.18,0.2434
2025-11,3800.0,3150.87,649.13,0.1708
2025-12,3800.0,2881.33,918.67,0.2418
2026-01,3800.0,2965.68,834.32,0.2196
2026-02,4309.25,3119.18,1190.07,0.2762
2026-03,4526.41,2899.06,1627.35,0.3595
2026-04,4214.34,2986.7,1227.64,0.2913
2026-05,4049.83,3065.7,984.13,0.243
2026-06,4652.86,2929.27,1723.59,0.3704
2026-07,4192.14,3197.85,994.29,0.2372
2026-08,4569.14,2910.6,1658.54,0.363
2026-09,3800.0,2942.01,857.99,0.2258
